Player,Score,Percent_Positive,Total_Comments,Positive,Neutral,Negative,Rk,AV,Round,Pick,DrftYr,College,From,To,Age,G,GS,AV.1,Pos,Team,-9999
Myles Garrett,82.21448391675949,0.2765957446808511,188,52,98,38,6,68.0,1,1,2017,Texas A&M,2017,2023,22-28,95,92,68.0,LDE,CLE,GarrMy00
Mitchell Trubisky,-1.2024941444396973,0.09929078014184398,141,14,78,49,55,39.0,1,2,2017,North Carolina,2017,2023,23-29,66,55,39.0,QB,BUFCHIPIT,TrubMi00
Solomon Thomas,87.05228585004807,0.21304347826086956,230,49,128,53,274,18.0,1,3,2017,Stanford,2017,2023,22-28,93,30,18.0,RDE,LVRNYJSFO,ThomSo00
Leonard Fournette,130.60218170285225,0.34513274336283184,226,78,106,42,41,42.0,1,4,2017,Louisiana State,2017,2022,22-27,79,61,42.0,RB,JAXTAM,FourLe00
Corey Davis,51.446457386016846,0.1506849315068493,219,33,128,58,75,34.0,1,5,2017,Western Michigan,2017,2022,22-27,78,67,34.0,WR,NYJTEN,DaviCo03
Jamal Adams,51.375602543354034,0.2631578947368421,228,60,98,70,34,45.0,1,6,2017,Louisiana State,2017,2023,22-28,78,78,45.0,SS,NYJSEA,AdamJa00
Mike Williams,58.96509447693825,0.14893617021276595,235,35,141,59,56,39.0,1,7,2017,Clemson,2017,2023,23-29,88,62,39.0,WR,LAC,WillMi07
Christian McCaffrey,13.799955487251282,0.1694915254237288,118,20,60,38,8,63.0,1,8,2017,Stanford,2017,2023,21-27,86,79,63.0,RB,CARSFO,McCaCh01
John Ross,41.03813174366951,0.09163346613545817,251,23,159,69,600,7.0,1,9,2017,Washington,2017,2021,22-26,37,21,7.0,WR,CINNYG,RossJo00
Patrick Mahomes II,40.997663110494614,0.2204724409448819,127,28,66,33,1,94.0,1,10,2017,Texas Tech,2017,2023,22-28,91,91,94.0,QB,KAN,MahoPa00
Marshon Lattimore,86.44009232521057,0.3,210,63,97,50,46,41.0,1,11,2017,Ohio State,2017,2023,21-27,90,90,41.0,RCB,NOR,LattMa01
Deshaun Watson,81.2400181889534,0.31690140845070425,142,45,70,27,12,59.0,1,12,2017,Clemson,2017,2023,22-28,66,65,59.0,QB,CLEHOU,WatsDe00
Haason Reddick,50.11253744363785,0.25203252032520324,123,31,64,28,51,40.0,1,13,2017,Temple,2017,2023,23-29,108,75,40.0,RLB,ARICARPHI,ReddHa00
Derek Barnett,56.98392355442047,0.16455696202531644,158,26,97,35,162,24.0,1,14,2017,Tennessee,2017,2023,21-27,73,45,24.0,LDE,PHI,BarnDe01
Malik Hooker,69.41704270243645,0.2721518987341772,158,43,81,34,247,19.0,1,15,2017,Ohio State,2017,2023,21-27,78,55,19.0,S,DALIND,HookMa00
Marlon Humphrey,85.24688535928726,0.25443786982248523,169,43,91,35,24,50.0,1,16,2017,Alabama,2017,2023,21-27,96,78,50.0,CB,BAL,HumpMa00
Jonathan Allen,9.437484323978424,0.15422885572139303,201,31,101,69,28,48.0,1,17,2017,Alabama,2017,2023,22-28,97,97,48.0,RDT,WAS,AlleJo01
Adoree Jackson,71.16148829460144,0.2714285714285714,140,38,76,26,169,24.0,1,18,2017,Southern California,2017,2023,22-28,78,72,24.0,LCB,NYGTEN,JackAd00
O.J. Howard,15.082690358161926,0.20430107526881722,186,38,85,63,354,14.0,1,19,2017,Alabama,2017,2022,23-28,72,56,14.0,TE,HOUTAM,HowaO.00
Garett Bolles,28.552778214216232,0.18055555555555555,216,39,109,68,57,38.0,1,20,2017,Utah,2017,2023,25-31,93,93,38.0,LT,DEN,BollGa00
Jarrad Davis,44.22015431523323,0.16176470588235295,136,22,82,32,179,23.0,1,21,2017,Florida,2017,2022,23-28,68,51,23.0,MLB,DETNYGNYJ,DaviJa01
Charles Harris,22.82522651553154,0.11428571428571428,140,16,83,41,330,15.0,1,22,2017,Missouri,2017,2023,22-28,87,30,15.0,DE,ATLDETMIA,HarrCh03
Evan Engram,42.55440381169319,0.12,150,18,95,37,119,29.0,1,23,2017,Ole Miss,2017,2023,23-29,93,75,29.0,TE,JAXNYG,EngrEv00
Gareon Conley,1.2925609946250916,0.06349206349206349,126,8,78,40,489,9.0,1,24,2017,Ohio State,2017,2019,22-24,31,26,9.0,DB,HOUOAK,ConlGa00
Jabrill Peppers,70.00555688142776,0.22797927461139897,193,44,102,47,148,26.0,1,25,2017,Michigan,2017,2023,22-28,89,75,26.0,DB,CLENWENYG,PeppJa00
Takkarist McKinley,52.35704970359802,0.23170731707317074,246,57,115,74,311,16.0,1,26,2017,UCLA,2017,2022,22-27,64,27,16.0,OLB,ATLCLELAR,McKiTa00
Tre'Davious White,44.01544335484505,0.23469387755102042,98,23,55,20,25,50.0,1,27,2017,Louisiana State,2017,2023,22-28,82,82,50.0,LCB,BUF,WhitTr01
Taco Charlton,79.35033047199249,0.1708542713567839,199,34,125,40,454,10.0,1,28,2017,Michigan,2017,2022,23-28,60,13,10.0,DE,CHIDALKANMIAPIT,CharTa00
David Njoku,70.22908246517181,0.20809248554913296,173,36,97,40,253,19.0,1,29,2017,Miami (FL),2017,2023,21-27,90,61,19.0,TE,CLE,NjokDa00
T.J. Watt,33.90498301386833,0.23529411764705882,170,40,78,52,4,73.0,1,30,2017,Wisconsin,2017,2023,23-29,98,98,73.0,LB,PIT,WattT.00
Reuben Foster,74.45115923881531,0.09615384615384616,260,25,176,59,534,8.0,1,31,2017,Alabama,2017,2018,23-24,16,16,8.0,MLB,SFO,FostRe00
Ryan Ramczyk,26.787840217351913,0.25263157894736843,95,24,45,26,7,67.0,1,32,2017,Wisconsin,2017,2023,23-29,99,99,67.0,RT,NOR,RamcRy00
Connor Williams,34.16100066900253,0.20689655172413793,116,24,62,30,105,31.0,2,50,2018,Texas,2018,2023,21-26,81,75,31.0,LG,DALMIA,WillCo00
Isaiah Wynn,72.80865120887756,0.10572687224669604,227,24,154,49,236,20.0,1,23,2018,Georgia,2019,2023,24-28,50,47,20.0,LT,MIANWE,WynnIs00
Nick Chubb,62.2523307800293,0.23387096774193547,124,29,72,23,26,49.0,2,35,2018,Georgia,2018,2023,23-28,77,70,49.0,RB,CLE,ChubNi00
Rashaad Penny,56.923303455114365,0.16312056737588654,141,23,88,30,363,14.0,1,27,2018,San Diego State,2018,2023,22-27,44,11,14.0,RB,PHISEA,PennRa00
Dante Pettis,21.12304249405861,0.18181818181818182,77,14,42,21,474,10.0,2,44,2018,Washington,2018,2022,23-27,50,19,10.0,WR,CHINYGSFO,PettDa00
Kemoko Turay,9.012443661689758,0.0625,32,2,23,7,724,5.0,2,52,2018,Rutgers,2018,2022,23-27,41,3,5.0,LB,INDSFO,TuraKe00
Rashaan Evans,22.564773112535477,0.23255813953488372,86,20,41,25,77,34.0,1,22,2018,Alabama,2018,2023,23-28,81,68,34.0,LB,ATLDALTEN,EvanRa01
Josh Jackson,28.350023090839386,0.22099447513812154,181,40,84,57,540,8.0,2,45,2018,Iowa,2018,2022,22-26,49,16,8.0,RCB/DB,ARIGNBKANPIT,JackJo01
Will Hernandez,85.19603624939919,0.4,125,50,54,21,108,30.0,2,34,2018,UTEP,2018,2023,23-28,87,81,30.0,LG,ARINYG,HernWi00
Quenton Nelson,85.19603624939919,0.4,125,50,54,21,10,60.0,1,6,2018,Notre Dame,2018,2023,22-27,89,89,60.0,LG,IND,NelsQu00
Mike McGlinchey,71.57944765686989,0.1638655462184874,238,39,142,57,78,34.0,1,9,2018,Notre Dame,2018,2023,23-28,80,80,34.0,T,DENSFO,McGlMi00
Kerryon Johnson,61.24677070975304,0.14345991561181434,237,34,142,61,437,11.0,2,43,2018,Auburn,2018,2021,21-24,35,16,11.0,RB,DETSFO,JohnKe06
Courtland Sutton,24.187478214502335,0.23333333333333334,90,21,43,26,152,26.0,2,40,2018,SMU,2018,2023,23-28,76,64,26.0,WR,DEN,SuttCo00
P.J. Hall,58.353819876909256,0.22330097087378642,103,23,64,16,432,11.0,2,57,2018,Sam Houston State,2018,2020,23-25,40,27,11.0,LDT,HOUOAK,HallP.00
Denzel Ward,44.08216044306755,0.13095238095238096,168,22,105,41,104,31.0,1,4,2018,Ohio State,2018,2023,21-26,76,75,31.0,LCB,CLE,WardDe02
Duke Dawson,18.307869404554367,0.0963855421686747,83,8,54,21,800,3.0,2,56,2018,Florida,2019,2020,24-25,26,4,3.0,DB,DEN,DawsDu00
Donte Jackson,12.928966462612152,0.16666666666666666,42,7,24,11,183,23.0,2,55,2018,Louisiana State,2018,2023,23-28,74,70,23.0,LCB,CAR,JackDo02
Roquan Smith,107.9817034304142,0.36097560975609755,205,74,86,45,13,58.0,1,8,2018,Georgia,2018,2023,21-26,90,88,58.0,RILB,BALCHI,SmitRo07
Terrell Edmunds,41.9729660153389,0.22705314009661837,207,47,97,63,131,28.0,1,28,2018,Virginia Tech,2018,2023,21-26,90,79,28.0,SS,PHIPITTEN,EdmuTe00
Jaire Alexander,63.67155879735947,0.23622047244094488,127,30,74,23,92,32.0,1,18,2018,Louisville,2018,2023,21-26,69,67,32.0,LCB,GNB,AlexJa00
Anthony Miller,53.0390542447567,0.4,75,30,34,11,382,13.0,2,51,2018,Memphis,2018,2021,24-27,50,18,13.0,WR,CHIHOUPIT,MillAn02
Carlton Davis,22.693487465381622,0.34375,32,11,17,4,165,24.0,2,63,2018,Auburn,2018,2023,21-26,72,71,24.0,LCB,TAM,DaviCa02
DJ Chark,44.69755530357361,0.42857142857142855,49,21,25,3,238,19.0,2,61,2018,Louisiana State,2018,2023,22-27,63,45,19.0,WR,CARDETJAX,CharDJ00
Ronald Jones II,30.452507466077805,0.1956521739130435,92,18,49,25,250,19.0,2,38,2018,Southern California,2018,2022,21-25,61,25,19.0,RB,KANTAM,JoneRo01
Frank Ragnow,61.923733830451965,0.1728395061728395,162,28,100,34,79,34.0,1,20,2018,Arkansas,2018,2023,22-27,75,75,34.0,C,DET,RagnFr00
Shaquille Leonard,3.5203274488449097,0.15789473684210525,38,6,19,13,9,60.0,2,36,2018,South Carolina State,2018,2023,23-28,70,68,60.0,LB,IND,LeonDa00
Jessie Bates III,28.319311648607254,0.20512820512820512,39,8,28,3,69,35.0,2,54,2018,Wake Forest,2018,2023,21-26,90,90,35.0,FS,ATLCIN,BateJe00
Josh Rosen,49.086379915475845,0.21764705882352942,170,37,86,47,845,3.0,1,10,2018,UCLA,2018,2021,21-24,24,16,3.0,QB,ARIATLMIA,RoseJo01
Mike Hughes,60.03254508972168,0.21428571428571427,98,21,64,13,467,10.0,1,30,2018,Central Florida,2018,2023,21-26,67,19,10.0,CB,ATLDETKANMIN,HughMi00
Derrius Guice,39.62234655022621,0.1834319526627219,169,31,94,44,903,2.0,2,59,2018,Louisiana State,2019,2019,22,5,1,2.0,RB,WAS,GuicDe00
Harold Landry,64.27909523248672,0.09154929577464789,284,26,185,73,110,30.0,2,41,2018,Boston College,2018,2023,22-27,75,60,30.0,ROLB,TEN,LandHa00
Breeland Speaks,34.94976580142975,0.1935483870967742,62,12,41,9,851,3.0,2,46,2018,Ole Miss,2018,2018,23,16,4,3.0,DT,KAN,SpeaBr00
Brian O'Neill,-6.083514750003815,0.16666666666666666,48,8,20,20,50,40.0,2,62,2018,Pittsburgh,2018,2023,23-28,91,87,40.0,RT,MIN,ONeiBr00
Leighton Vander Esch,81.94423997402191,0.2073170731707317,164,34,102,28,68,36.0,1,19,2018,Boise State,2018,2023,22-27,71,65,36.0,RLB,DAL,VandLe00
James Daniels,42.33863186836243,0.2597402597402597,77,20,43,14,147,26.0,2,39,2018,Iowa,2018,2023,21-26,80,74,26.0,OL,CHIPIT,DaniJa01
Daron Payne,16.29161536693573,0.1308411214953271,107,14,62,31,42,42.0,1,13,2018,Alabama,2018,2023,21-26,93,87,42.0,LDT,WAS,PaynDa00
Christian Kirk,52.69453865289688,0.3,80,24,42,14,67,36.0,2,47,2018,Texas A&M,2018,2023,22-27,84,69,36.0,WR,ARIJAX,KirkCh01
Vita Vea,92.24634027481079,0.19402985074626866,268,52,152,64,90,33.0,1,12,2018,Washington,2018,2023,23-28,74,69,33.0,NT,TAM,VeaxVi00
Dallas Goedert,25.78227362036705,0.17587939698492464,199,35,100,64,137,27.0,2,49,2018,South Dakota State,2018,2023,23-28,78,61,27.0,TE,PHI,GoedDa00
Sony Michel,24.400045573711395,0.13709677419354838,124,17,71,36,184,23.0,1,31,2018,Georgia,2018,2022,23-27,65,35,23.0,RB,LACLARNWE,MichSo00
Derwin James,9.400664776563644,0.2149122807017544,228,49,98,81,155,25.0,1,17,2018,Florida State,2018,2023,22-27,60,60,25.0,S,LAC,JameDe00
Marcus Davenport,31.056493937969208,0.08241758241758242,182,15,120,47,239,19.0,1,14,2018,UTSA,2018,2023,22-27,67,35,19.0,DE,MINNOR,DaveMa00
Austin Corbett,41.18333971500397,0.15584415584415584,77,12,53,12,146,26.0,2,33,2018,Nevada,2018,2023,23-28,76,62,26.0,RG,CARCLELAR,CorbAu00
Lamar Jackson,45.73258924484253,0.18032786885245902,122,22,72,28,3,74.0,1,32,2018,Louisville,2018,2023,21-26,82,73,74.0,QB,BAL,JackLa00
Uchenna Nwosu,14.869571924209595,0.22727272727272727,44,10,22,12,185,23.0,2,48,2018,Southern California,2018,2023,22-27,85,48,23.0,LB,LACSEA,NwosUc00
Taven Bryan,26.601152658462524,0.17699115044247787,113,20,61,32,279,17.0,1,29,2018,Florida,2018,2023,22-27,90,39,17.0,DT,CLEINDJAX,BryaTa00
Minkah Fitzpatrick,70.0501554608345,0.3155080213903743,187,59,78,50,21,51.0,1,11,2018,Alabama,2018,2023,22-27,86,81,51.0,S,MIAPIT,FitzMi00
Josh Allen,43.39139869809151,0.1513157894736842,152,23,92,37,2,74.0,1,7,2018,Wyoming,2018,2023,22-27,89,88,74.0,QB,BUF,AlleJo02
Josh Allen,43.39139869809151,0.1513157894736842,152,23,92,37,160,24.0,1,7,2019,Kentucky,2019,2023,22-26,68,54,24.0,OLB,JAX,AlleJo03
Saquon Barkley,21.226124197244644,0.16363636363636364,110,18,61,31,47,40.0,1,2,2018,Penn State,2018,2023,21-26,69,69,40.0,RB,NYG,BarkSa00
M.J. Stewart,-3.114643007516861,0.075,40,3,22,15,660,6.0,2,53,2018,North Carolina,2018,2023,23-28,75,10,6.0,S,CLEHOUTAM,StewM.00
Braden Smith,24.553501933813095,0.1935483870967742,62,12,38,12,73,35.0,2,37,2018,Auburn,2018,2023,22-27,79,77,35.0,RT,IND,SmitBr06
Kolton Miller,23.296072334051132,0.12299465240641712,187,23,111,53,61,37.0,1,15,2018,UCLA,2018,2023,23-28,89,89,37.0,LT,LVROAK,MillKo00
Tremaine Edmunds,65.34757721424103,0.22272727272727272,220,49,115,56,27,49.0,1,16,2018,Virginia Tech,2018,2023,20-25,84,84,49.0,MLB,BUFCHI,EdmuTr01
Calvin Ridley,49.98431885242462,0.18857142857142858,175,33,97,45,143,27.0,1,26,2018,Alabama,2018,2023,24-29,60,46,27.0,WR,ATLJAX,RidlCa00
Billy Price,44.1231934428215,0.20388349514563106,103,21,60,22,231,20.0,1,21,2018,Ohio State,2018,2022,24-28,69,45,20.0,C,ARICINNYG,PricBi01
Tyquan Lewis,26.895272493362427,0.2682926829268293,41,11,24,6,439,11.0,2,64,2018,Ohio State,2018,2023,23-28,59,16,11.0,DE,IND,LewiTy00
Mike Gesicki,53.1803357899189,0.2,105,21,65,19,206,21.0,2,42,2018,Penn State,2018,2023,23-28,92,37,21.0,TE,MIANWE,GesiMi00
D.J. Moore,81.82241758704185,0.24444444444444444,135,33,83,19,38,43.0,1,24,2018,Maryland,2018,2023,21-26,92,85,43.0,WR,CARCHI,MoorD.00
Sam Darnold,113.91996827721596,0.2789473684210526,190,53,109,28,136,27.0,1,3,2018,Southern California,2018,2023,21-26,61,55,27.0,QB,CARNYJSFO,DarnSa00
Baker Mayfield,40.15935009717941,0.23595505617977527,89,21,49,19,22,51.0,1,1,2018,Oklahoma,2018,2023,23-28,83,80,51.0,QB,CARCLELARTAM,MayfBa00
Bradley Chubb,36.515825629234314,0.1552511415525114,219,34,120,65,100,31.0,1,5,2018,NC State,2018,2023,22-27,68,67,31.0,LOLB,DENMIA,ChubBr00
Hayden Hurst,58.42777943611145,0.1610738255033557,149,24,93,32,286,17.0,1,25,2018,South Carolina,2018,2023,25-30,79,39,17.0,TE,ATLBALCARCIN,HursHa00
James Washington,44.592678397893906,0.2054794520547945,73,15,48,10,420,12.0,2,60,2018,Oklahoma State,2018,2022,22-26,62,25,12.0,WR,DALPIT,WashJa00
Isaiah Oliver,16.403928607702255,0.26666666666666666,135,36,51,48,384,13.0,2,58,2018,Colorado,2018,2023,22-27,73,43,13.0,CB,ATLSFO,OlivIs00
Kyler Murray,8.480568885803223,0.06896551724137931,116,8,71,37,19,54.0,1,1,2019,Oklahoma,2019,2023,22-26,60,60,54.0,QB,ARI,MurrKy00
Josh Allen,24.95126548409462,0.21764705882352942,170,37,78,55,2,74.0,1,7,2018,Wyoming,2018,2023,22-27,89,88,74.0,QB,BUF,AlleJo02
Josh Allen,24.95126548409462,0.21764705882352942,170,37,78,55,160,24.0,1,7,2019,Kentucky,2019,2023,22-26,68,54,24.0,OLB,JAX,AlleJo03
Christian Wilkins,117.66129097342491,0.25263157894736843,285,72,149,64,128,29.0,1,13,2019,Clemson,2019,2023,24-28,75,71,29.0,DT,MIA,WilkCh00
Montez Sweat,69.43138375878334,0.21256038647342995,207,44,113,50,126,29.0,1,26,2019,Mississippi State,2019,2023,23-27,71,71,29.0,DE,CHIWAS,SweaMo00
Deandre Baker,58.17339423298836,0.15217391304347827,138,21,90,27,614,6.0,1,30,2019,Georgia,2019,2021,22-24,26,17,6.0,LCB,KANNYG,BakeDe00
Elgton Jenkins,7.367283016443253,0.125,80,10,44,26,85,33.0,2,44,2019,Mississippi State,2019,2023,24-28,64,62,33.0,LT,GNB,JenkEl00
Marquise Blair,33.171734005212784,0.2835820895522388,67,19,35,13,876,2.0,2,47,2019,Utah,2019,2022,22-25,25,3,2.0,DB,CARSEA,BlaiMa01
Drew Sample,26.84883651137352,0.1,60,6,44,10,771,4.0,2,52,2019,Washington,2019,2023,23-27,55,30,4.0,TE,CIN,SampDr00
Lonnie Johnson Jr.,1.6601738333702087,0.2698412698412698,63,17,20,26,503,9.0,2,54,2019,Kentucky,2019,2023,24-28,65,19,9.0,DB,HOUNORTEN,JohnLo01
Mecole Hardman,53.06839519739151,0.06878306878306878,189,13,134,42,181,23.0,2,56,2019,Georgia,2019,2023,21-25,66,27,23.0,WR,KANNYJ,HardMe00
Parris Campbell,51.0165633559227,0.24509803921568626,102,25,57,20,484,9.0,2,59,2019,Ohio State,2019,2023,22-26,44,27,9.0,WR,INDNYG,CampPa00
D.K. Metcalf,20.9938146173954,0.14814814814814814,135,20,73,42,49,40.0,2,64,2019,Ole Miss,2019,2023,22-26,76,75,40.0,WR,SEA,MetcDK00
Josh Jacobs,91.15177598595619,0.1702127659574468,188,32,125,31,58,38.0,1,24,2019,Alabama,2019,2023,21-25,72,71,38.0,RB,LVROAK,JacoJo01
Daniel Jones,-2.1892662048339844,0.12295081967213115,122,15,64,43,48,40.0,1,6,2019,Duke,2019,2023,22-26,60,59,40.0,QB,NYG,JoneDa05
Ben Banogu,6.170515775680542,0.0967741935483871,62,6,35,21,729,4.0,2,49,2019,TCU,2019,2022,23-26,50,0,4.0,LB,IND,BanoBe00
Dexter Lawrence,86.33821254968643,0.1752988047808765,251,44,152,55,87,33.0,1,17,2019,Clemson,2019,2023,22-26,75,68,33.0,LDE,NYG,LawrDe03
Rock Ya-Sin,48.18567728996277,0.24161073825503357,149,36,71,42,368,14.0,2,34,2019,Temple,2019,2023,23-27,63,38,14.0,LCB/RCB,BALINDLVR,Ya-SRo00
Sean Murphy-Bunting,16.73084184527397,0.04597701149425287,87,4,61,22,323,15.0,2,39,2019,Central Michigan,2019,2023,22-26,62,45,15.0,RCB,TAMTEN,BuntSe00
JJ Arcega-Whiteside,38.41367635130882,0.17307692307692307,104,18,62,24,870,2.0,2,57,2019,Stanford,2019,2021,22-24,40,7,2.0,WR,PHI,ArceJJ00
Ed Oliver,73.02109980583191,0.3148148148148148,162,51,73,38,101,31.0,1,9,2019,Houston,2019,2023,22-26,73,64,31.0,LDT/RDT,BUF,OlivEd00
Andy Isabella,37.12528318166733,0.16666666666666666,138,23,77,38,749,4.0,2,62,2019,Massachusetts,2019,2023,23-27,43,3,4.0,WR,ARIBALBUF,IsabAn00
Jeffery Simmons,-139.9340345263481,0.045283018867924525,265,12,111,142,54,39.0,1,19,2019,Mississippi State,2019,2023,22-26,67,65,39.0,LDE,TEN,SimmJe01
Deebo Samuel,56.1493284702301,0.32989690721649484,97,32,46,19,72,35.0,2,36,2019,South Carolina,2019,2023,23-27,60,52,35.0,WR,SFO,SamuDe00
Dwayne Haskins,11.981549590826035,0.1592356687898089,157,25,79,53,745,4.0,1,15,2019,Ohio State,2019,2020,22-23,16,13,4.0,QB,WAS,HaskDw00
Dalton Risner,27.940133184194565,0.2087912087912088,91,19,47,25,188,23.0,2,41,2019,Kansas State,2019,2023,24-28,72,68,23.0,LG,DENMIN,RisnDa00
Devin White,138.30158460140228,0.28044280442804426,271,76,139,56,39,43.0,1,5,2019,Louisiana State,2019,2023,21-25,73,73,43.0,LILB,TAM,WhitDe02
Marquise Brown,96.0805851817131,0.22631578947368422,190,43,110,37,96,31.0,1,25,2019,Oklahoma,2019,2023,22-26,70,63,31.0,WR,ARIBAL,BrowMa04
Devin Bush Jr.,76.81606563925743,0.1945945945945946,185,36,112,37,163,24.0,1,10,2019,Michigan,2019,2023,21-25,59,49,24.0,LILB/RILB,PITSEA,BushDe01
L.J. Collier,48.72770595550537,0.11724137931034483,145,17,96,32,487,9.0,1,29,2019,TCU,2019,2023,24-28,46,17,9.0,DE,ARISEA,CollLJ00
Tytus Howard,66.77280822396278,0.0449438202247191,178,8,140,30,168,24.0,1,23,2019,Alabama State,2019,2023,23-27,61,61,24.0,LG,HOU,HowaTy00
Byron Murphy,37.944095611572266,0.24528301886792453,106,26,54,26,230,20.0,2,33,2019,Washington,2019,2023,21-25,68,60,20.0,CB,ARIMIN,MurpBy00
Erik McCoy,35.52494555711746,0.20481927710843373,83,17,49,17,157,25.0,2,48,2019,Texas A&M,2019,2023,22-26,68,68,25.0,OL,NOR,McCoEr01
Clelin Ferrell,36.22215282917023,0.1282051282051282,156,20,98,38,371,13.0,1,4,2019,Clemson,2019,2023,22-26,69,41,13.0,LDE,LVROAKSFO,FerrCl00
Greedy Williams,43.604515463113785,0.2,150,30,82,38,566,8.0,2,46,2019,Louisiana State,2019,2022,22-25,39,21,8.0,RCB,CLE,WillGr00
Joejuan Williams,18.090716689825058,0.12162162162162163,148,18,83,47,864,3.0,2,45,2019,Vanderbilt,2019,2023,22-26,41,1,3.0,DB,CHIMINNWE,WillJo13
Noah Fant,79.52375283837318,0.19457013574660634,221,43,127,51,241,19.0,1,20,2019,Iowa,2019,2023,22-26,75,68,19.0,TE,DENSEA,FantNo00
Cody Ford,23.523182809352875,0.2558139534883721,86,22,38,26,306,16.0,2,38,2019,Oklahoma,2019,2023,23-27,60,33,16.0,RG,ARIBUFCIN,FordCo00
Taylor Rapp,-9.110146164894104,0.2153846153846154,65,14,21,30,255,19.0,2,61,2019,Washington,2019,2023,22-26,68,50,19.0,SS,BUFLAR,RappTa00
Greg Little,45.09510099887848,0.2375,80,19,47,14,544,8.0,2,37,2019,Ole Miss,2019,2022,22-25,31,13,8.0,T,CARMIA,LittGr01
N'Keal Harry,31.377323925495148,0.2556390977443609,133,34,57,42,585,7.0,1,32,2019,Arizona State,2019,2023,22-26,49,18,7.0,WR,CHIMINNWE,HarrNK00
Irv Smith Jr.,45.01092994213104,0.24468085106382978,94,23,52,19,558,8.0,2,50,2019,Alabama,2019,2023,21-25,46,20,8.0,TE,CINMIN,SmitIr01
Chris Lindstrom,48.558058351278305,0.16842105263157894,190,32,111,47,140,27.0,1,14,2019,Boston College,2019,2023,22-26,66,66,27.0,RG,ATL,LindCh00
Max Scharping,29.063380658626556,0.2631578947368421,38,10,25,3,271,18.0,2,55,2019,Northern Illinois,2019,2023,23-27,73,33,18.0,RG,CINHOU,SchaMa01
Juan Thornhill,28.58280810713768,0.32727272727272727,55,18,24,13,275,18.0,2,63,2019,Virginia,2019,2023,24-28,74,61,18.0,FS,CLEKAN,ThorJu00
Jawaan Taylor,71.75279688835144,0.3161764705882353,136,43,68,25,135,28.0,2,35,2019,Florida,2019,2023,22-26,77,77,28.0,RT,JAXKAN,TaylJa02
Jonah Williams,90.52851456403732,0.313953488372093,172,54,84,34,177,24.0,1,11,2019,Alabama,2020,2023,23-26,53,53,24.0,T,CIN,WillJo10
Jahlani Tavai,29.909204453229904,0.16981132075471697,106,18,61,27,300,17.0,2,43,2019,Hawaii,2019,2023,23-27,72,38,17.0,MLB,DETNWE,TavaJa00
Quinnen Williams,120.9688346683979,0.33476394849785407,233,78,105,50,81,34.0,1,3,2019,Alabama,2019,2023,22-26,68,64,34.0,DT,NYJ,WillQu00
Rashan Gary,44.40199050307274,0.2074074074074074,135,28,73,34,307,16.0,1,12,2019,Michigan,2019,2023,22-26,67,36,16.0,DE,GNB,GaryRa00
A.J. Brown,35.67825490236282,0.2358490566037736,106,25,53,28,29,47.0,2,51,2019,Ole Miss,2019,2023,22-26,71,63,47.0,WR,PHITEN,BrowAJ00
Kaleb McGary,25.195326685905457,0.1317365269461078,167,22,94,51,111,30.0,1,31,2019,Washington,2019,2023,24-28,74,73,30.0,RT,ATL,McGaKa00
Johnathan Abram,81.64848631620407,0.20437956204379562,137,28,91,18,388,12.0,1,27,2019,Mississippi State,2019,2023,23-27,46,37,12.0,S,GNBLVRNOROAKSEA,AbraJo01
Miles Sanders,49.015903413295746,0.33766233766233766,77,26,38,13,102,31.0,2,53,2019,Penn State,2019,2023,22-26,67,54,31.0,RB,CARPHI,SandMi01
Andre Dillard,49.31470328569412,0.19631901840490798,163,32,91,40,576,7.0,1,22,2019,Washington State,2019,2023,24-28,53,17,7.0,LT,PHITEN,DillAn00
Darnell Savage Jr.,64.90848442912102,0.15135135135135136,185,28,119,38,232,20.0,1,21,2019,Maryland,2019,2023,22-26,68,65,20.0,S,GNB,SavaDa00
Drew Lock,63.065410643815994,0.22695035460992907,141,32,80,29,407,12.0,2,42,2019,Missouri,2019,2023,23-27,26,21,12.0,QB,DENSEA,LockDr00
T.J. Hockenson,61.9313670694828,0.21019108280254778,157,33,90,34,197,22.0,1,8,2019,Iowa,2019,2023,22-26,69,58,22.0,TE,DETMIN,HockTJ00
Trayvon Mullen,29.870136827230453,0.0703125,128,9,84,35,469,10.0,2,40,2019,Clemson,2019,2022,22-25,46,31,10.0,LCB/RCB,ARIDALLVROAK,MullTr00
Trysten Hill,26.98318412899971,0.20833333333333334,72,15,41,16,693,5.0,2,58,2019,Central Florida,2019,2023,21-25,32,5,5.0,DT,ARIDALNWE,HillTr00
Brian Burns,75.60335713624954,0.25748502994011974,167,43,86,38,97,31.0,1,16,2019,Florida State,2019,2023,21-25,74,61,31.0,ROLB,CAR,BurnBr00
Garrett Bradbury,85.73991629481316,0.21008403361344538,238,50,132,56,154,25.0,1,18,2019,NC State,2019,2023,24-28,66,66,25.0,C,MIN,BradGa00
Nasir Adderley,25.886651545763016,0.2222222222222222,117,26,56,35,344,14.0,2,60,2019,Delaware,2019,2022,22-25,50,44,14.0,FS,LAC,AddeNa00
Jerry Tillery,33.13376188278198,0.10344827586206896,116,12,77,27,301,17.0,1,28,2019,Notre Dame,2019,2023,23-27,74,37,17.0,DL,LACLVR,TillJe00
Nick Bosa,42.75178650021553,0.16260162601626016,123,20,77,26,37,43.0,1,2,2019,Ohio State,2019,2023,22-26,62,60,43.0,DE,SFO,BosaNi00
Jalen Hurts,-7.537181615829468,0.12,125,15,63,47,44,41.0,2,53,2020,Oklahoma,2020,2023,22-25,56,45,41.0,QB,PHI,HurtJa00
Michael Pittman Jr.,49.98030883073807,0.21428571428571427,112,24,62,26,174,24.0,2,34,2020,Southern California,2020,2023,23-26,57,52,24.0,WR,IND,PittMi01
J.K. Dobbins,3.85564061999321,0.17989417989417988,189,34,87,68,430,11.0,2,55,2020,Ohio State,2020,2023,22-25,24,10,11.0,RB,BAL,DobbJK00
Raekwon Davis,41.734158009290695,0.22388059701492538,67,15,42,10,225,20.0,2,56,2020,Alabama,2020,2023,23-26,57,47,20.0,NT,MIA,DaviRa03
Cole Kmet,31.82045015692711,0.11627906976744186,172,20,105,47,357,14.0,2,43,2020,Notre Dame,2020,2023,21-24,62,55,14.0,TE,CHI,KmetCo00
K'Lavon Chaisson,70.84975212812424,0.22950819672131148,122,28,76,18,571,7.0,1,20,2020,Louisiana State,2020,2023,21-24,51,11,7.0,LB,JAX,ChaiKL00
Justin Jefferson,17.89515855908394,0.25668449197860965,187,48,73,66,45,41.0,1,22,2020,Louisiana State,2020,2023,21-24,55,53,41.0,WR,MIN,JeffJu00
Joe Burrow,27.383844524621964,0.20238095238095238,84,17,45,22,53,39.0,1,1,2020,Louisiana State,2020,2023,24-27,52,52,39.0,QB,CIN,BurrJo01
Josh Uche,52.96393200755119,0.1504424778761062,113,17,77,19,725,5.0,2,60,2020,Michigan,2020,2023,22-25,45,3,5.0,LB,NWE,UcheJo00
Denzel Mims,23.48739942908287,0.15555555555555556,180,28,96,56,705,5.0,2,59,2020,Baylor,2020,2022,23-25,30,15,5.0,WR,NYJ,MimsDe00
Mekhi Becton,93.54970434308052,0.13147410358565736,251,33,167,51,672,5.0,1,11,2020,Louisville,2020,2023,21-24,25,24,5.0,LT,NYJ,BectMe00
Chase Claypool,46.7009311914444,0.18181818181818182,132,24,79,29,223,20.0,2,49,2020,Notre Dame,2020,2023,22-25,52,32,20.0,WR,CHIMIAPIT,ClayCh01
C.J. Henderson,40.95758277177811,0.15151515151515152,198,30,115,53,435,11.0,1,9,2020,Florida,2020,2023,22-25,45,32,11.0,RCB,CARJAX,HendCJ00
Brandon Aiyuk,46.184988498687744,0.21359223300970873,103,22,60,21,159,24.0,1,25,2020,Arizona State,2020,2023,22-25,56,54,24.0,WR,SFO,AiyuBr00
Jedrick Wills Jr.,95.690583050251,0.30857142857142855,175,54,89,32,202,22.0,1,10,2020,Alabama,2020,2023,21-24,53,53,22.0,LT,CLE,WillJe04
Marlon Davidson,39.62747147679329,0.2826086956521739,92,26,44,22,799,3.0,2,47,2020,Auburn,2020,2021,22-23,19,1,3.0,DE,ATL,DaviMa01
Jordan Love,-47.954257279634476,0.04716981132075472,106,5,48,53,827,3.0,1,26,2020,Utah State,2021,2023,23-25,21,12,3.0,QB,GNB,LoveJo03
Trevon Diggs,5.013240039348602,0.2459016393442623,122,30,45,47,130,28.0,2,51,2020,Alabama,2020,2023,22-25,47,46,28.0,CB,DAL,DiggTr00
Cam Akers,34.67197245359421,0.16,100,16,61,23,449,10.0,2,52,2020,Florida State,2020,2023,21-24,36,15,10.0,RB,LARMIN,AkerCa00
Tua Tagovailoa,30.371101766824722,0.09929078014184398,141,14,90,37,175,24.0,1,5,2020,Alabama,2020,2023,22-25,47,45,24.0,QB,MIA,TagoTu00
Kyle Dugger,79.7196617424488,0.10232558139534884,215,22,154,39,327,15.0,2,37,2020,Lenoir-Rhyne,2020,2023,24-27,55,46,15.0,DB,NWE,DuggKy00
Patrick Queen,29.97926554083824,0.24375,160,39,72,49,142,27.0,1,28,2020,Louisiana State,2020,2023,21-24,62,62,27.0,LB,BAL,QueePa00
Henry Ruggs III,58.05102941393852,0.10476190476190476,210,22,138,50,552,8.0,1,12,2020,Alabama,2020,2021,21-22,20,19,8.0,WR,LVR,RuggHe00
Isaiah Simmons,11.939158380031586,0.2119205298013245,151,32,68,51,272,18.0,1,8,2020,Clemson,2020,2023,22-25,62,38,18.0,S,ARINYG,SimmIs00
Jaylon Johnson,46.68480461835861,0.25287356321839083,87,22,49,16,379,13.0,2,50,2020,Utah,2020,2023,21-24,49,49,13.0,LCB,CHI,JohnJa13
Willie Gay Jr.,28.163298815488815,0.16546762589928057,139,23,76,40,328,15.0,2,63,2020,Mississippi State,2020,2023,22-25,52,42,15.0,RLB,KAN,GayJWi00
Tristan Wirfs,76.76352280378342,0.17341040462427745,173,30,111,32,64,37.0,1,13,2020,Iowa,2020,2023,21-24,57,57,37.0,T,TAM,WirfTr00
Jonathan Taylor,70.126823335886,0.267515923566879,157,42,80,35,89,33.0,2,41,2020,Wisconsin,2020,2023,21-24,50,46,33.0,RB,IND,TaylJo02
Van Jefferson,27.28324282169342,0.1134020618556701,97,11,64,22,378,13.0,2,57,2020,Florida,2020,2023,24-27,55,33,13.0,WR,ATLLAR,JeffVa00
Grant Delpit,16.304696321487427,0.12631578947368421,95,12,55,28,491,9.0,2,44,2020,Louisiana State,2021,2023,23-25,43,34,9.0,S,CLE,DelpGr00
Kristian Fulton,22.778252333402634,0.14285714285714285,112,16,65,31,465,10.0,2,61,2020,Louisiana State,2020,2023,22-25,41,36,10.0,CB,TEN,FultKr00
A.J. Epenesa,36.92760944366455,0.23684210526315788,152,36,72,44,629,6.0,2,54,2020,Iowa,2020,2023,22-25,55,4,6.0,DE,BUF,EpenAJ00
Chase Young,76.40599405765533,0.19090909090909092,220,42,129,49,261,19.0,1,2,2020,Ohio State,2020,2023,21-24,37,32,19.0,DE,SFOWAS,YounCh04
Jordyn Brooks,49.0014234483242,0.14685314685314685,143,21,89,33,264,18.0,1,27,2020,Texas Tech,2020,2023,23-26,58,50,18.0,LB,SEA,BrooJo01
Kenneth Murray,23.45742639899254,0.19852941176470587,136,27,67,42,289,17.0,1,23,2020,Oklahoma,2020,2023,22-25,55,49,17.0,RLB,LAC,MurrKe00
Antoine Winfield Jr.,53.598331570625305,0.21311475409836064,122,26,70,26,259,19.0,2,45,2020,Minnesota,2020,2023,22-25,53,53,19.0,S,TAM,WinfAn00
KJ Hamler,38.736946761608124,0.0975609756097561,123,12,84,27,689,5.0,2,46,2020,Penn State,2020,2022,21-23,23,6,5.0,WR,DEN,HamlKJ00
Yetur Gross-Matos,-37.32524108886719,0.11304347826086956,230,26,106,98,352,14.0,2,38,2020,Penn State,2020,2023,22-25,49,26,14.0,RDE,CAR,GrosYe00
Laviska Shenault Jr.,-46.55161517858505,0.12558139534883722,215,27,89,99,417,12.0,2,42,2020,Colorado,2020,2023,22-25,51,26,12.0,WR,CARJAX,ShenLa00
Noah Igbinoghene,64.54500299692154,0.12941176470588237,170,22,114,34,748,4.0,1,30,2020,Auburn,2020,2023,21-24,36,5,4.0,CB,DALMIA,IgbiNo00
Javon Kinlaw,23.428995549678802,0.09433962264150944,106,10,69,27,406,12.0,1,14,2020,South Carolina,2020,2023,23-26,35,23,12.0,LDT,SFO,KinlJa00
D'Andre Swift,76.63147205114365,0.18433179723502305,217,40,126,51,220,21.0,2,35,2020,Georgia,2020,2023,21-24,51,26,21.0,RB,DETPHI,SwifDA00
Jalen Reagor,49.56394585967064,0.19491525423728814,118,23,71,24,550,8.0,1,21,2020,TCU,2020,2023,21-24,50,25,8.0,WR,MINNWEPHI,ReagJa00
Clyde Edwards-Helaire,86.3808396756649,0.3333333333333333,156,52,73,31,305,16.0,1,32,2020,Louisiana State,2020,2023,21-24,43,30,16.0,RB,KAN,EdwaCl00
Jeff Okudah,48.92009541392326,0.1518987341772152,158,24,96,38,596,7.0,1,3,2020,Ohio State,2020,2023,21-24,34,30,7.0,CB,ATLDET,OkudJe00
Derrick Brown,96.23142796754837,0.16988416988416988,259,44,162,53,222,20.0,1,7,2020,Auburn,2020,2023,22-25,60,57,20.0,DT,CAR,BrowDe05
CeeDee Lamb,-10.180984526872635,0.10576923076923077,104,11,52,41,86,33.0,1,17,2020,Oklahoma,2020,2023,21-24,60,55,33.0,WR,DAL,LambCe00
Robert Hunt,42.933457016944885,0.15625,96,15,62,19,248,19.0,2,39,2020,Louisiana,2020,2023,24-27,59,53,19.0,RT,MIA,HuntRo01
Ross Blacklock,36.26831874251366,0.14457831325301204,83,12,56,15,731,4.0,2,40,2020,TCU,2020,2023,22-25,42,3,4.0,DT,HOUJAXMINTEN,BlacRo00
AJ Dillon,31.600795537233353,0.11842105263157894,152,18,94,40,267,18.0,2,62,2020,Boston College,2020,2023,22-25,56,9,18.0,RB,GNB,DillAJ00
Damon Arnette,70.00010776519775,0.1978021978021978,182,36,103,43,872,2.0,1,19,2020,Ohio State,2020,2021,24-25,13,7,2.0,CB,LVR,ArneDa00
Xavier McKinney,59.41170832514763,0.28125,128,36,63,29,409,12.0,2,36,2020,Alabama,2020,2023,21-24,44,41,12.0,S,NYG,McKiXa00
Cesar Ruiz,21.49246573448181,0.2206896551724138,145,32,66,47,295,17.0,1,24,2020,Michigan,2020,2023,21-24,56,50,17.0,RG/C,NOR,RuizCe00
Jeremy Chinn,29.98529702425003,0.14516129032258066,62,9,43,10,99,31.0,2,64,2020,Southern Illinois,2020,2023,22-25,48,48,31.0,RLB,CAR,ChinJe00
Andrew Thomas,84.8116665482521,0.1881720430107527,186,35,116,35,190,23.0,1,4,2020,Georgia,2020,2023,21-24,50,49,23.0,LT,NYG,ThomAn02
Darrell Taylor,9.664984107017517,0.08450704225352113,71,6,44,21,664,6.0,2,48,2020,Tennessee,2021,2023,24-26,43,11,6.0,LB,SEA,TaylDa00
Jeff Gladney,49.80396127700806,0.25252525252525254,99,25,54,20,687,5.0,1,31,2020,TCU,2020,2020,24,16,15,5.0,RCB,MIN,GladJe00
Ezra Cleveland,58.478914350271225,0.23648648648648649,148,35,78,35,266,18.0,2,58,2020,Boise State,2020,2023,22-25,56,49,18.0,OL,JAXMIN,ClevEz00
Austin Jackson,50.505798637866974,0.23134328358208955,134,31,70,33,355,14.0,1,18,2020,Southern California,2020,2023,21-24,43,41,14.0,LG,MIA,JackAu00
Justin Herbert,20.750425159931183,0.16161616161616163,99,16,56,27,36,45.0,1,6,2020,Oregon,2020,2023,22-25,60,60,45.0,QB,LAC,HerbJu00
Isaiah Wilson,53.22509449720383,0.13714285714285715,175,24,109,42,1199,0.0,1,29,2020,Georgia,2020,2020,21,1,0,0.0,T,TEN,WilsIs00
AJ Terrell,47.92417359352112,0.08571428571428572,175,15,122,38,257,19.0,1,16,2020,Clemson,2020,2023,22-25,55,55,19.0,CB,ATL,TerrAJ00
Jerry Jeudy,46.660222351551056,0.1746987951807229,166,29,94,43,287,17.0,1,15,2020,Alabama,2020,2023,21-24,51,40,17.0,WR,DEN,JeudJe00
Tee Higgins,24.21374213695526,0.13095238095238096,168,22,97,49,138,27.0,2,33,2020,Clemson,2020,2023,21-24,53,48,27.0,WR,CIN,HiggTe00
Jaycee Horn,56.67477297782898,0.12179487179487179,156,19,108,29,639,6.0,1,8,2021,South Carolina,2021,2023,22-24,17,17,6.0,CB,CAR,HornJa00
Trey Lance,28.662014812231064,0.1978021978021978,91,18,50,23,753,4.0,1,3,2021,North Dakota State,2021,2022,21-22,8,4,4.0,QB,SFO,LancTr00
Pat Freiermuth,34.2421618103981,0.16666666666666666,150,25,83,42,463,10.0,2,55,2021,Penn State,2021,2023,23-25,38,23,10.0,TE,PIT,FreiPa00
Richie Grant,23.41634100675583,0.11904761904761904,84,10,54,20,581,7.0,2,40,2021,Central Florida,2021,2023,24-26,44,28,7.0,S,ATL,GranRi00
Rashawn Slater,64.49763715267181,0.23696682464454977,211,50,108,53,314,16.0,1,13,2021,Northwestern,2021,2023,22-24,30,30,16.0,T,LAC,SlatRa00
Levi Onwuzurike,33.62319725751877,0.23529411764705882,68,16,40,12,1025,1.0,2,41,2021,Washington,2021,2023,23-25,22,0,1.0,DL,DET,OnwuLe00
Samuel Cosmi,22.58302092552185,0.16666666666666666,72,12,43,17,574,7.0,2,51,2021,Texas,2021,2023,22-24,35,27,7.0,RT,WAS,CosmSa00
Pete Werner,30.306628584861755,0.17543859649122806,57,10,37,10,477,10.0,2,60,2021,Ohio State,2021,2023,22-24,38,30,10.0,LB,NOR,WernPe00
Aaron Banks,35.85881173610687,0.2876712328767123,73,21,37,15,524,8.0,2,48,2021,Notre Dame,2021,2023,24-26,34,25,8.0,OL,SFO,BankAa00
Alijah Vera-Tucker,65.68959552049637,0.14705882352941177,204,30,127,47,604,7.0,1,14,2021,Southern California,2021,2023,22-24,28,28,7.0,LG,NYJ,VeraAl00
Zaven Collins,59.324020236730576,0.22916666666666666,144,33,78,33,488,9.0,1,16,2021,Tulsa,2021,2023,22-24,45,34,9.0,DB,ARI,CollZa00
Caleb Farley,64.08734920620918,0.18396226415094338,212,39,121,52,978,1.0,1,22,2021,Virginia Tech,2021,2022,23-24,12,2,1.0,CB,TEN,FarlCa00
Jaelan Phillips,51.073097974061966,0.2265625,128,29,68,31,414,12.0,1,18,2021,Miami (FL),2021,2023,22-24,42,26,12.0,LB,MIA,PhilJa02
Asante Samuel Jr.,10.19591337442398,0.2119205298013245,151,32,63,56,553,8.0,2,47,2021,Florida State,2021,2023,22-24,40,37,8.0,RCB,LAC,SamuAs00
Kelvin Joseph,37.68798604607582,0.1310344827586207,145,19,88,38,912,2.0,2,44,2021,Kentucky,2021,2023,21-23,30,3,2.0,CB,DALMIA,JoseKe02
Javonte Williams,53.53906688094139,0.10948905109489052,137,15,96,26,521,9.0,2,35,2021,North Carolina,2021,2023,21-23,31,14,9.0,RB,DEN,WillJa10
Micah Parsons,58.096887439489365,0.271523178807947,151,41,73,37,63,37.0,1,12,2021,Penn State,2021,2023,22-24,44,44,37.0,LB,DAL,ParsMi00
Payton Turner,43.01935285329819,0.06369426751592357,157,10,114,33,944,2.0,1,28,2021,Houston,2021,2023,23-25,14,0,2.0,DE,NOR,TurnPa02
Teven Jenkins,35.531108260154724,0.24848484848484848,165,41,72,52,641,6.0,2,39,2021,Oklahoma State,2021,2023,23-25,27,20,6.0,OL,CHI,JenkTe00
Gregory Rousseau,57.440822154283524,0.23853211009174313,109,26,64,19,294,17.0,1,30,2021,Miami (FL),2021,2023,21-23,41,41,17.0,DE,BUF,RousGr00
Dillon Radunz,13.69141274690628,0.22,50,11,25,14,842,3.0,2,53,2021,North Dakota State,2021,2023,23-25,33,10,3.0,T,TEN,RaduDi00
Rondale Moore,86.81111532449722,0.21875,128,28,86,14,546,8.0,2,49,2021,Purdue,2021,2023,21-23,34,20,8.0,WR,ARI,MoorRo02
Alex Leatherwood,75.23332467675209,0.12101910828025478,157,19,115,23,543,8.0,1,17,2021,Alabama,2021,2022,22-23,21,17,8.0,RG,CHILVR,LeatAl00
Jamin Davis,59.6097776889801,0.248,125,31,68,26,395,12.0,1,19,2021,Kentucky,2021,2023,23-25,44,35,12.0,LB,WAS,DaviJa11
Kwity Paye,90.48886066675186,0.32298136645962733,161,52,78,31,385,13.0,1,21,2021,Michigan,2021,2023,23-25,37,37,13.0,DE,IND,PayeKw00
Jaylen Waddle,40.94632947444916,0.175,160,28,90,42,258,19.0,1,6,2021,Alabama,2021,2023,23-25,43,43,19.0,WR,MIA,WaddJa00
Justin Fields,14.59373676776886,0.226890756302521,119,27,52,40,196,22.0,1,11,2021,Ohio State,2021,2023,22-24,35,33,22.0,QB,CHI,FielJu00
Christian Darrisaw,84.0991735458374,0.2887700534759358,187,54,92,41,394,12.0,1,23,2021,Virginia Tech,2021,2023,22-24,36,34,12.0,LT,MIN,DarrCh00
Tutu Atwell,37.90145733952522,0.10852713178294573,129,14,84,31,790,3.0,2,57,2021,Louisville,2021,2023,22-24,32,15,3.0,WR,LAR,AtweTu00
Greg Newsome II,69.51602286100388,0.296,125,37,64,24,594,7.0,1,26,2021,Northwestern,2021,2023,21-23,36,34,7.0,RCB,CLE,NewsGr00
Tre'von Moehrig,41.5709123313427,0.15315315315315314,111,17,70,24,513,9.0,2,43,2021,TCU,2021,2023,22-24,44,42,9.0,S,LVR,MoehTr00
Terrace Marshall Jr.,10.708086639642715,0.1780821917808219,73,13,36,24,703,5.0,2,59,2021,Louisiana State,2021,2023,21-23,35,15,5.0,WR,CAR,MarsTe00
Kadarius Toney,62.80361384153366,0.26126126126126126,111,29,64,18,723,5.0,1,20,2021,Florida,2021,2023,22-24,29,10,5.0,WR,KANNYG,ToneKa00
Dayo Odeyingbo,25.64049729704857,0.109375,64,7,46,11,762,4.0,2,54,2021,Vanderbilt,2021,2023,22-24,38,5,4.0,DE,IND,OdeyDa00
Jackson Carman,22.4668987095356,0.14814814814814814,135,20,74,41,733,4.0,2,46,2021,Clemson,2021,2023,21-23,21,6,4.0,RG,CIN,CarmJa00
Kyle Trask,16.23598662018776,0.12962962962962962,108,14,59,35,1181,0.0,2,64,2021,Florida,2022,2023,24-25,3,0,0.0,QB,TAM,TrasKy00
Creed Humphrey,46.440366476774216,0.23717948717948717,156,37,77,42,198,22.0,2,63,2021,Oklahoma,2021,2023,22-24,45,45,22.0,C,KAN,HumpCr00
Ja'Marr Chase,37.00386866927147,0.1417910447761194,134,19,80,35,164,24.0,1,5,2021,Louisiana State,2021,2023,21-23,40,40,24.0,WR,CIN,ChasJa00
Penei Sewell,48.1718724668026,0.3087248322147651,149,46,61,42,233,20.0,1,7,2021,Oregon,2021,2023,21-23,44,44,20.0,RT/LT,DET,SewePe00
DeVonta Smith,7.9734010100364685,0.16071428571428573,112,18,54,40,189,23.0,1,10,2021,Alabama,2021,2023,23-25,45,44,23.0,WR,PHI,SmitDe07
Azeez Ojulari,47.54904305934906,0.2857142857142857,98,28,50,20,472,10.0,2,50,2021,Georgia,2021,2023,21-23,30,21,10.0,OLB,NYG,OjulAz00
Nick Bolton,35.00246450304985,0.2638888888888889,72,19,40,13,369,13.0,2,58,2021,Missouri,2021,2023,21-23,37,33,13.0,LB,KAN,BoltNi00
Jevon Holland,27.02185946702957,0.1452991452991453,117,17,69,31,402,12.0,2,36,2021,Oregon,2021,2023,21-23,43,40,12.0,FS,MIA,HollJe02
Josh Myers,47.10618221759796,0.2268041237113402,97,22,57,18,411,12.0,2,62,2021,Ohio State,2021,2023,23-25,34,34,12.0,OL,GNB,MyerJo00
Elijah Moore,52.61512494087219,0.2956521739130435,115,34,54,27,593,7.0,2,34,2021,Ole Miss,2021,2023,21-23,38,22,7.0,WR,CLENYJ,MoorEl00
Boogie Basham,22.153218418359756,0.22807017543859648,57,13,31,13,791,3.0,2,61,2021,Wake Forest,2021,2023,24-26,34,0,3.0,OLB,BUFNYG,BashCa00
Jeremiah Owusu-Koramoah,9.981926381587982,0.18354430379746836,158,29,74,55,549,8.0,2,52,2021,Notre Dame,2021,2023,22-24,36,28,8.0,LB,CLE,OwusJe00
Eric Stokes,16.628337413072586,0.1686746987951807,83,14,45,24,661,6.0,1,29,2021,Georgia,2021,2023,22-24,26,23,6.0,CB,GNB,StokEr00
Christian Barmore,44.13574084639549,0.19791666666666666,96,19,58,19,669,5.0,2,38,2021,Alabama,2021,2023,22-24,38,8,5.0,DL,NWE,BarmCh00
Travis Etienne,42.705244332551956,0.08695652173913043,184,16,122,46,431,11.0,1,25,2021,Clemson,2022,2023,23-24,28,23,11.0,RB,JAX,EtieTr00
Liam Eichenberg,37.30061683058739,0.18181818181818182,88,16,55,17,398,12.0,2,42,2021,Notre Dame,2021,2023,23-25,37,32,12.0,LT,MIA,EichLi00
D'Wayne Eskridge,38.07704582810402,0.0975609756097561,123,12,86,25,893,2.0,2,56,2021,Western Michigan,2021,2023,24-26,24,0,2.0,WR,SEA,EskrDW00
Odafe Oweh,34.00879967212677,0.12173913043478261,115,14,75,26,597,7.0,1,31,2021,Penn State,2021,2023,23-25,40,12,7.0,DE,BAL,OwehJa00
Walker Little,15.303812146186829,0.14864864864864866,74,11,42,21,754,4.0,2,45,2021,Stanford,2021,2023,22-24,35,14,4.0,T,JAX,LittWa00
Joe Tryon-Shoyinka,25.969920843839645,0.11818181818181818,110,13,68,29,418,12.0,1,32,2021,Washington,2021,2023,22-24,45,33,12.0,OLB,TAM,TryoJo00
Trevor Lawrence,14.613731563091278,0.08333333333333333,240,20,142,78,210,21.0,1,1,2021,Clemson,2021,2023,22-24,45,45,21.0,QB,JAX,LawrTr00
Najee Harris,42.736301600933075,0.2459016393442623,122,30,61,31,309,16.0,1,24,2021,Alabama,2021,2023,23-25,45,45,16.0,RB,PIT,HarrNa00
Landon Dickerson,82.45257720351219,0.18787878787878787,165,31,105,29,304,16.0,2,37,2021,Alabama,2021,2023,23-25,42,41,16.0,G,PHI,DickLa00
Mac Jones,33.74020439386368,0.18446601941747573,103,19,58,26,200,22.0,1,15,2021,Alabama,2021,2023,23-25,42,42,22.0,QB,NWE,JoneMa05
Tyson Campbell,37.21024411916733,0.26153846153846155,65,17,38,10,393,12.0,2,33,2021,Georgia,2021,2023,21-23,39,38,12.0,CB,JAX,CampTy01
Rashod Bateman,83.76743048429489,0.3024390243902439,205,62,94,49,569,7.0,1,27,2021,Minnesota,2021,2023,22-24,29,16,7.0,WR,BAL,BateRa00
Patrick Surtain II,-0.23175853490829468,0.06790123456790123,162,11,97,54,219,21.0,1,9,2021,Alabama,2021,2023,21-23,44,43,21.0,CB,DEN,SurtPa01
Kyle Pitts,34.079454362392426,0.22875816993464052,153,35,74,44,415,12.0,1,4,2021,Florida,2021,2023,21-23,38,34,12.0,TE,ATL,PittKy00
Zach Wilson,69.65892398357391,0.11797752808988764,178,21,123,34,523,9.0,1,2,2021,Brigham Young,2021,2023,22-24,32,31,9.0,QB,NYJ,WilsZa00
